{"initial_reset_timestamp": 1540844231.463614, "timestamps": [1540844231.5808244, 1540844231.905614, 1540844231.9187276, 1540844232.260008, 1540844232.2856722, 1540844232.3126853, 1540844232.6322157, 1540844232.6447716, 1540844232.6693604, 1540844232.985256, 1540844233.025483, 1540844233.3860493, 1540844233.4230096, 1540844233.449733, 1540844233.7733834, 1540844234.1019766, 1540844234.481688, 1540844234.8517306, 1540844235.230741, 1540844235.5381062, 1540844235.8855045, 1540844235.91278, 1540844235.937419, 1540844235.9561255, 1540844236.2959073, 1540844236.3114512, 1540844236.334511, 1540844236.694479, 1540844236.7327113, 1540844237.093856, 1540844237.128601, 1540844237.1504173], "episode_lengths": [100, 1600, 53, 1600, 109, 112, 1600, 42, 91, 1600, 197, 1600, 143, 114, 1600, 1600, 1600, 1600, 1600, 1600, 1600, 108, 108, 78, 1600, 61, 100, 1600, 174, 1600, 153, 85], "episode_rewards": [-101.28330303705465, -7.56314541369273, -105.62676487632422, -11.336440741931382, -113.82300126595825, -93.52002539479304, -26.56608810772155, -115.29381882357474, -116.7370982910844, -10.86622654253932, -92.45831373966999, -26.835310688199264, -96.32010336278253, -109.1185854656201, -12.610688053321523, -9.056233898386902, -17.756463718113128, -12.03724501197898, -20.06197472562431, -19.93914352530709, -11.623482940528294, -92.93723423124024, -99.29279652648995, -94.98410181998186, -8.939120339753693, -99.68441372462765, -115.76979643951887, -18.811789690920435, -100.95054070186981, -22.639243513871612, -100.74623012737476, -93.08154642608987], "episode_types": ["t", "t", "t", "t", "t", "t", "t", "t", "t", "t", "t", "t", "t", "t", "t", "t", "t", "t", "t", "t", "t", "t", "t", "t", "t", "t", "t", "t", "t", "t", "t", "t"]}